CustomerID,Age,Annual Income,Spending Score
1,19,15000,39
2,21,35000,81
3,20,86000,6
4,23,59000,77
5,31,38000,40
6,22,58000,76
7,35,31000,6
8,23,84000,94
9,64,97000,3
10,30,98000,72
11,67,7000,14
12,35,93000,99
13,58,80000,15
14,24,91000,77
15,37,19000,13
16,22,51000,79
17,35,29000,35
18,20,89000,66
19,52,20000,29
20,35,62000,98
21,35,96000,35
22,25,4000,73
23,46,42000,5
24,31,71000,73
25,54,67000,14
26,29,52000,82
27,45,68000,32
28,35,78000,61
29,40,18000,31
30,23,20000,87
31,60,39000,4
32,21,34000,73
33,53,59000,4
34,18,62000,92
35,49,91000,14
36,21,95000,81
37,42,14000,17
38,30,62000,73
39,36,9000,26
40,20,69000,75
41,65,25000,35
42,24,85000,92
43,48,22000,36
44,31,33000,61
45,49,72000,28
46,24,3000,65
47,50,52000,55
48,27,71000,47
49,29,78000,42
50,31,25000,42
51,49,88000,52
52,33,97000,60
53,31,74000,54
54,59,68000,60
55,50,18000,45
56,47,95000,41
57,51,71000,50
58,69,8000,46
59,27,57000,51
60,53,89000,46
61,70,84000,56
62,19,50000,55
63,67,50000,52
64,54,48000,59
65,63,63000,51
66,18,9000,59
67,43,3000,50
68,68,82000,48
69,19,81000,59
70,32,97000,47
71,70,91000,55
72,47,9000,42
73,60,44000,49
74,60,10000,56
75,59,89000,47
76,26,49000,54
77,45,67000,53
78,40,99000,48
79,23,97000,52
80,49,98000,42
81,57,52000,51
82,38,61000,55
83,67,120000,41
84,46,34000,44
85,21,24000,57
86,48,31000,46
87,55,11000,58
88,22,55000,55
89,34,76000,60
90,50,56000,46
91,68,46000,55
92,18,36000,41
93,48,88000,49
94,40,31000,40
95,32,24000,42
96,24,80000,52
97,47,2000,47
98,27,67000,50
99,48,58000,42
100,20,80000,49
101,23,65000,41
102,49,4000,48
103,67,98000,59
104,26,52000,55
105,49,86000,56
106,21,82000,42
107,66,43000,50
108,54,78000,46
109,68,13000,43
110,66,13000,48
111,65,34000,52
112,19,25000,54
113,38,71000,42
114,19,2000,46
115,18,97000,48
116,19,51000,50
117,63,9000,43
118,49,79000,59
119,51,84000,43
120,50,87000,57
121,27,36000,56
122,38,50000,40
123,40,97000,58
124,39,6000,91
125,23,12000,29
126,31,46000,77
127,43,89000,35
128,40,4000,95
129,59,38000,11
130,38,64000,75
131,47,66000,9
132,39,26000,75
133,25,41000,34
134,31,45000,71
135,20,89000,5
136,29,92000,88
137,44,76000,7
138,32,85000,73
139,19,22000,10
140,35,15000,72
141,57,32000,5
142,32,66000,93
143,28,62000,40
144,32,85000,87
145,25,71000,12
146,28,26000,97
147,48,52000,36
148,32,38000,74
149,34,51000,22
150,34,90000,90
151,43,30000,17
152,39,41000,88
153,44,17000,20
154,38,92000,76
155,47,80000,16
156,27,10000,89
157,37,16000,1
158,30,87000,78
159,34,66000,1
160,30,86000,73
161,56,9000,35
162,29,50000,83
163,19,35000,5
164,31,58000,93
165,50,47000,26
166,36,54000,75
167,42,79000,20
168,33,83000,95
169,36,57000,27
170,32,0,63
171,40,69000,13
172,28,4000,75
173,36,79000,10
174,36,99000,92
175,52,20000,13
176,30,28000,86
177,58,29000,15
178,27,45000,69
179,59,86000,14
180,35,42000,90
181,37,59000,32
182,32,61000,86
183,46,11000,15
184,29,66000,88
185,41,39000,39
186,30,72000,97
187,54,14000,24
188,28,44000,68
189,41,76000,17
190,36,95000,85
191,34,92000,23
192,32,98000,69
193,33,96000,8
194,38,45000,91
195,47,8000,16
196,35,46000,79
197,45,78000,28
198,32,4000,74
199,32,81000,18
200,30,33000,83
201,21,40000,10
202,34,85000,16
203,16,60000,0
204,76,60000,39
205,62,63000,59
206,63,10000,52
207,19,55000,61
208,46,93000,12
209,48,15000,7
210,80,39000,33
211,1,57000,93
212,0,22000,92
213,86,12000,70
214,49,50000,82
215,48,95000,68
216,46,66000,70
217,79,20000,40
218,83,35000,99
219,66,71000,34
220,59,76000,61
221,39,84000,33
222,95,72000,51
223,43,33000,55
224,93,93000,37
225,40,83000,48
226,78,23000,8
227,25,40000,77
228,76,89000,86
229,0,33000,64
230,15,94000,30
231,6,93000,53
232,84,7000,28
233,67,18000,88
234,78,3000,14
235,4,84000,54
236,29,62000,34
237,91,9000,96
238,95,36000,35
239,55,37000,74
240,14,50000,11
241,92,83000,16
242,65,79000,17
243,84,40000,14
244,77,47000,58
245,53,4000,20
246,28,38000,75
247,23,0,96
248,32,7000,16
249,37,41000,2
250,89,65000,0
251,80,20000,93
252,27,44000,65
253,78,3000,14
254,86,72000,13
255,46,27000,32
256,59,85000,49
257,12,38000,18
258,79,73000,96
259,79,64000,64
260,26,26000,60
261,63,47000,16
262,52,35000,85
263,32,31000,24
264,64,13000,38
265,37,79000,10
266,7,82000,39
267,40,28000,68
268,78,36000,79
269,34,8000,76
270,52,88000,39
271,94,91000,36
272,1,12000,82
273,96,1000,76
274,18,143000,99
275,37,18000,57
276,78,65000,89
277,16,9000,88
278,93,95000,21
279,74,78000,12
280,68,48000,73
281,32,63000,87
282,43,85000,63
283,52,43000,58
284,63,74000,20
285,33,67000,11
286,86,59000,40
287,85,140000,84
288,73,31000,47
289,21,5000,91
290,93,19000,58
291,9,27000,62
292,10,68000,80
293,11,38000,66
294,48,50000,36
295,73,80000,73
296,66,69000,43
297,79,31000,91
298,62,87000,41
299,17,79000,16
300,32,32000,86
301,85,153787,100
302,31,95851,16
303,31,145015,73
304,38,148539,7
305,90,117319,21
306,65,180243,26
307,63,165052,12
308,61,120487,14
309,26,112766,83
310,17,156488,65
311,56,97562,15
312,12,77501,30
313,24,118302,100
314,13,64277,9
315,12,53927,77
316,72,93921,93
317,54,132046,8
318,45,183217,91
319,66,182937,44
320,27,68272,56
321,36,69841,21
322,5,69078,60
323,89,110667,100
324,13,95469,94
325,91,102861,40
326,16,133551,7
327,63,64589,90
328,52,152755,39
329,37,92313,58
330,78,98922,2
331,24,165846,33
332,4,93713,62
333,84,137641,67
334,0,173743,96
335,67,116126,58
336,32,112246,30
337,39,69384,75
338,68,76529,62
339,7,123804,28
340,76,68292,55
341,84,173185,99
342,75,142034,82
343,22,107941,61
344,90,149840,61
345,4,148431,99
346,78,126599,84
347,58,57180,22
348,99,184426,41
349,24,151085,39
350,88,166107,98
351,92,67850,91
352,99,173394,4
353,51,72303,98
354,23,181760,35
355,13,146858,75
356,22,172923,20
357,89,115811,87
358,20,184324,51
359,72,67353,19
360,17,165999,71
361,90,164914,18
362,99,63364,61
363,39,182352,73
364,37,148544,56
365,46,62833,85
366,65,120627,72
367,60,130898,30
368,93,103130,74
369,72,106681,15
370,36,87353,25
371,52,88046,61
372,72,98168,49
373,28,178265,5
374,48,167232,92
375,85,140478,43
376,22,159296,83
377,30,144043,78
378,46,72594,64
379,82,180288,77
380,73,165734,51
381,8,175407,2
382,90,70201,8
383,34,91503,26
384,10,184522,43
385,79,143560,83
386,83,131574,97
387,20,151124,18
388,25,67447,5
389,26,117454,8
390,18,86203,23
391,7,136231,10
392,1,89144,1
393,21,119116,30
394,86,163463,31
395,75,151696,82
396,78,184736,52
397,87,70419,69
398,8,119104,41
399,59,130950,28
400,13,140950,77
401,55,82285,35
402,50,91389,92
403,54,186359,95
404,13,178989,46
405,79,166335,45
406,65,119889,11
407,51,66852,73
408,18,103896,36
409,21,187761,87
410,37,102717,93
411,83,102647,83
412,96,113585,31
413,65,86509,88
414,80,59099,44
415,75,135088,5
416,87,110870,78
417,86,187667,12
418,36,124614,25
419,78,166492,40
420,62,172758,69
421,89,122430,19
422,56,183540,96
423,35,96484,34
424,33,112587,71
425,58,155672,71
426,68,72847,93
427,38,71897,32
428,31,158479,57
429,90,89251,4
430,28,179911,24
431,1,111558,85
432,78,127615,78
433,23,50076,32
434,25,77779,62
435,59,169999,38
436,7,106581,76
437,24,78223,41
438,76,136259,14
439,37,153399,93
440,6,162858,91
441,0,57373,29
442,3,133602,47
443,95,66322,88
444,0,68761,16
445,7,70749,86
446,54,65874,87
447,89,115996,24
448,58,67097,91
449,12,108027,64
450,7,176349,80
451,11,88452,40
452,74,128266,55
453,64,156777,20
454,48,123234,50
455,8,60790,38
456,15,181332,99
457,1,187297,7
458,21,153885,86
459,84,53500,44
460,5,69443,28
461,47,124072,56
462,96,135800,29
463,93,120597,96
464,16,91358,11
465,56,53231,41
466,76,156330,31
467,0,186002,80
468,70,111760,53
469,47,143906,12
470,13,182410,22
471,86,98463,46
472,91,93762,28
473,97,104582,50
474,20,130813,92
475,11,59202,92
476,28,79968,45
477,32,104824,42
478,82,188719,30
479,39,187536,66
480,7,134008,85
481,13,176397,71
482,34,154888,43
483,76,155622,81
484,30,62330,60
485,69,112838,34
486,22,58283,59
487,60,77857,81
488,66,125024,25
489,57,136242,34
490,60,81934,81
491,59,130511,97
492,54,144502,88
493,90,63769,6
494,14,66760,20
495,34,135115,54
496,85,179877,17
497,83,93351,65
498,12,84547,96
499,95,121725,3
500,41,65723,91
501,38,96794,96
502,68,72352,61
503,4,53097,21
504,5,144831,17
505,3,183851,10
506,20,111896,90
507,3,64824,30
508,36,88565,16
509,70,104974,63
510,17,167060,47
511,31,69018,17
512,48,174109,96
513,28,62186,29
514,97,183783,70
515,81,83771,1
516,37,148196,91
517,85,131742,87
518,78,59971,94
519,13,88960,2
520,53,140107,38
521,41,161896,49
522,9,57272,60
523,20,119952,2
524,98,167197,63
525,44,186116,2
526,66,134677,59
527,58,180479,74
528,97,112783,21
529,13,150258,17
530,48,115832,92
531,47,104834,44
532,93,152571,66
533,11,162287,45
534,68,171761,59
535,87,77709,73
536,22,95053,17
537,89,74820,33
538,57,152267,92
539,91,71925,14
540,84,151340,95
541,56,162921,51
542,26,52234,30
543,56,100271,87
544,6,170266,23
545,33,88763,1
546,89,107359,26
547,99,164781,83
548,25,156016,85
549,96,186882,40
550,35,99300,88
551,16,58127,65
552,81,89211,12
553,7,148607,59
554,31,139592,62
555,16,172051,62
556,89,57033,99
557,84,117612,63
558,40,185321,96
559,17,186577,5
560,0,151298,89
561,69,123925,52
562,17,169496,12
563,0,142892,25
564,34,58979,3
565,51,141416,100
566,54,104854,67
567,19,180331,14
568,99,172896,13
569,2,101451,82
570,91,189974,37
571,65,90084,65
572,47,112247,24
573,91,181775,61
574,64,59088,31
575,91,60856,23
576,32,149900,34
577,15,142776,98
578,22,162598,84
579,37,146195,89
580,83,135268,53
581,89,136037,1
582,33,111191,67
583,13,144111,62
584,71,177359,56
585,10,112818,85
586,49,53509,98
587,9,168269,75
588,53,86766,2
589,63,52661,25
590,46,148520,14
591,42,149936,52
592,73,102296,31
593,75,178416,16
594,49,83788,41
595,96,184771,77
596,52,70302,88
597,15,58639,51
598,91,97879,40
599,22,64707,29
600,62,71795,87
601,41,76567,85
602,61,126370,20
603,71,154007,32
604,91,69720,78
605,94,85265,68
606,3,155864,31
607,15,99421,72
608,96,145457,57
609,12,118041,77
610,23,73759,83
611,94,90082,17
612,7,74928,12
613,74,101352,36
614,52,93947,81
615,39,134629,23
616,72,101858,70
617,55,165501,47
618,29,135931,74
619,38,103356,20
620,44,75195,79
621,58,123083,44
622,77,73884,30
623,56,91180,61
624,79,86235,52
625,97,96400,4
626,78,83599,12
627,91,82535,50
628,35,92227,8
629,43,150444,27
630,37,149095,83
631,63,113605,42
632,16,93854,82
633,32,118280,92
634,91,94576,90
635,33,129257,70
636,57,70373,10
637,43,77600,66
638,26,113707,97
639,59,189672,8
640,61,143180,58
641,59,174890,14
642,66,121377,19
643,26,154857,13
644,67,160945,51
645,85,119557,35
646,76,187141,33
647,57,97468,22
648,77,160351,77
649,66,178627,94
650,49,170188,80
651,36,166007,40
652,74,91794,83
653,16,189072,86
654,27,152717,15
655,3,158549,98
656,31,134263,94
657,30,148236,28
658,94,171677,81
659,31,189446,38
660,49,106633,53
661,49,81084,48
662,53,148759,52
663,3,117638,95
664,91,159537,37
665,26,79526,6
666,28,101414,64
667,92,109519,72
668,59,156880,70
669,15,157278,58
670,23,144916,84
671,54,59163,100
672,93,93991,49
673,65,58318,45
674,13,180786,88
675,71,84622,45
676,1,92674,59
677,57,87553,94
678,14,74174,79
679,77,180831,33
680,89,137397,33
681,17,96154,100
682,86,172477,69
683,42,59954,37
684,29,112240,95
685,54,145679,35
686,96,136265,49
687,58,74869,12
688,52,109425,46
689,3,126015,57
690,13,156951,66
691,3,127172,68
692,89,113834,22
693,83,132005,2
694,80,171323,78
695,74,92355,87
696,42,60982,3
697,91,51742,33
698,31,138612,71
699,8,158123,84
700,64,164675,65
701,41,172882,27
702,62,70119,93
703,41,113998,26
704,22,114011,40
705,5,57265,89
706,38,130597,2
707,88,121597,7
708,56,103210,100
709,47,66308,8
710,4,141336,93
711,82,153632,76
712,31,65520,71
713,69,153217,83
714,62,92768,75
715,54,132345,10
716,60,186069,49
717,31,53802,32
718,17,103739,62
719,15,50550,34
720,37,145648,21
721,36,85737,37
722,27,99950,20
723,11,83220,21
724,83,73410,50
725,71,64310,43
726,20,59844,79
727,3,67787,1
728,52,172841,4
729,75,145528,61
730,36,173807,42
731,60,185794,69
732,8,119780,71
733,9,158596,86
734,41,118122,52
735,38,99964,11
736,69,120752,27
737,33,189630,53
738,64,125510,6
739,19,101799,49
740,88,92914,74
741,91,162465,59
742,84,163818,27
743,43,53832,56
744,30,140190,49
745,16,125836,69
746,89,100938,27
747,5,168670,37
748,54,176885,10
749,41,111174,28
750,80,127335,97
751,37,149103,3
752,87,167705,31
753,50,183548,85
754,14,50396,46
755,17,63557,3
756,98,87878,55
757,3,55634,53
758,83,118110,26
759,13,129396,36
760,46,62628,64
761,25,51700,17
762,4,106816,49
763,64,93000,67
764,84,144148,71
765,12,101388,90
766,56,171560,78
767,58,156366,60
768,0,143910,22
769,25,106569,84
770,28,173009,25
771,78,54252,29
772,56,104600,57
773,91,50250,54
774,77,93242,84
775,83,156839,38
776,64,71305,39
777,19,85975,73
778,94,188107,52
779,19,82333,35
780,84,125016,25
781,10,148908,10
782,19,58217,70
783,74,76521,29
784,95,117763,42
785,34,115184,93
786,30,54251,7
787,53,112530,24
788,67,107409,2
789,23,84793,23
790,25,66952,79
791,84,153465,11
792,1,178214,17
793,70,152069,42
794,56,132860,17
795,0,147719,86
796,91,172915,29
797,81,148594,29
798,33,61986,77
799,75,91456,13
800,11,166247,84
801,61,140516,50
802,81,148208,36
803,62,133822,78
804,44,175424,32
805,67,121528,92
806,30,189369,69
807,92,80808,26
808,25,57535,84
809,61,163509,51
810,72,75884,57
811,89,157759,52
812,37,184813,44
813,59,187253,51
814,41,81718,36
815,60,150019,37
816,81,53452,73
817,85,150765,42
818,91,154456,71
819,65,56647,12
820,19,117477,48
821,78,79677,9
822,0,116759,28
823,26,180702,21
824,2,122698,100
825,60,169346,55
826,67,93176,25
827,4,75853,40
828,7,119362,58
829,28,81545,36
830,67,67372,75
831,30,109703,61
832,38,166697,39
833,40,124982,34
834,6,146776,83
835,3,147548,45
836,51,117620,60
837,63,85351,57
838,65,174432,8
839,44,70787,68
840,90,75473,63
841,76,90082,49
842,62,185388,54
843,5,168110,69
844,67,184628,38
845,38,176551,45
846,31,76422,21
847,2,164248,51
848,82,109188,38
849,66,132951,26
850,75,164598,32
851,69,186655,32
852,62,111859,86
853,0,121926,41
854,11,143047,42
855,22,131748,23
856,76,142801,23
857,85,142723,46
858,21,155151,16
859,64,153607,48
860,94,144192,34
861,83,174159,22
862,93,73642,50
863,12,170319,46
864,0,141351,10
865,79,167411,9
866,90,58289,49
867,45,79801,77
868,82,146118,52
869,57,57337,14
870,43,113575,6
871,63,122658,65
872,62,151836,13
873,43,185900,80
874,34,94029,98
875,30,157290,22
876,97,175996,42
877,68,102016,37
878,16,77902,67
879,15,81138,86
880,25,128258,48
881,29,62475,24
882,85,82854,75
883,30,59284,38
884,13,141580,92
885,88,171362,90
886,5,78274,65
887,95,76646,61
888,92,78308,66
889,63,78971,89
890,75,65528,73
891,67,94199,71
892,58,135705,48
893,52,130573,31
894,85,152303,68
895,31,144582,89
896,84,93288,60
897,93,88192,3
898,18,62362,81
899,73,74350,39
900,3,144103,42
901,1,75518,17
902,53,160980,62
903,75,102904,28
904,15,174501,37
905,47,157661,57
906,66,118385,8
907,17,116463,100
908,1,161212,14
909,16,172601,50
910,52,167214,94
911,21,69644,19
912,19,120215,46
913,29,180401,23
914,40,113739,93
915,76,111717,41
916,91,62808,20
917,24,67582,13
918,4,96543,60
919,90,89667,69
920,56,98980,65
921,14,124998,17
922,52,189091,12
923,14,153842,3
924,30,106314,16
925,70,62901,60
926,14,149618,78
927,95,72068,97
928,25,81367,87
929,95,118575,10
930,12,82382,97
931,82,114776,55
932,2,145597,81
933,51,162072,86
934,63,172872,11
935,30,182162,6
936,68,71467,81
937,21,85568,1
938,99,56851,72
939,0,116782,73
940,80,67781,1
941,51,70152,29
942,18,185861,82
943,43,162595,17
944,29,80098,54
945,20,184801,8
946,39,58908,37
947,9,146011,69
948,45,135174,39
949,65,114244,64
950,64,157207,52
951,81,128834,23
952,54,51166,24
953,32,130118,36
954,29,87014,71
955,25,111379,93
956,5,83704,82
957,55,90558,49
958,12,187343,14
959,81,111174,48
960,87,64461,63
961,12,109618,97
962,91,189357,4
963,63,120955,79
964,97,168898,54
965,89,130431,52
966,59,161091,56
967,26,69988,2
968,5,169702,98
969,32,186897,49
970,98,109061,41
971,31,188620,30
972,59,108675,57
973,80,177601,34
974,12,87365,3
975,80,95929,23
976,59,97185,87
977,56,103838,17
978,18,129260,11
979,66,151184,19
980,67,177512,62
981,39,140099,51
982,23,67535,97
983,47,133236,61
984,41,87975,5
985,40,164350,23
986,36,55109,53
987,12,67613,40
988,60,185306,47
989,24,154787,84
990,17,109759,96
991,92,114571,51
992,32,130697,93
993,39,115916,24
994,50,69814,53
995,85,118161,74
996,65,56583,65
997,17,185843,36
998,31,171825,22
999,24,77976,95
1000,97,66312,75
1001,92,81839,11
1002,80,55712,5
1003,33,158335,45
1004,8,74253,45
1005,67,119625,3
1006,8,129743,6
1007,61,101007,60
1008,83,87529,49
1009,8,151648,98
1010,69,61637,67
1011,14,164659,59
1012,80,125623,62
1013,85,104054,22
1014,88,83535,56
1015,76,166245,13
1016,32,100890,60
1017,99,55972,83
1018,85,134282,39
1019,25,106669,22
1020,99,145777,94
1021,41,119259,91
1022,1,150174,59
1023,45,55472,51
1024,55,99423,82
1025,20,146221,25
1026,33,84238,31
1027,92,57032,75
1028,93,88811,52
1029,60,167420,38
1030,38,101846,17
1031,15,114061,87
1032,74,147449,16
1033,47,83043,76
1034,96,168990,81
1035,97,73867,65
1036,35,165772,51
1037,19,178217,38
1038,60,162612,98
1039,37,99872,53
1040,49,142566,77
1041,1,111424,80
1042,43,187841,38
1043,46,171921,50
1044,65,115299,87
1045,75,94129,27
1046,40,172378,39
1047,28,146597,31
1048,78,64057,44
1049,22,163585,49
1050,6,93186,83
1051,46,149764,1
1052,17,116822,84
1053,46,109346,37
1054,72,111587,99
1055,38,166644,66
1056,50,181270,56
1057,47,65207,81
1058,72,112146,21
1059,8,104953,57
1060,34,139009,24
1061,53,67916,82
1062,82,99983,88
1063,63,131122,40
1064,58,173190,37
1065,23,122712,21
1066,80,55792,30
1067,45,73892,45
1068,30,78821,46
1069,84,152475,12
1070,45,152226,87
1071,85,117679,18
1072,23,146473,87
1073,79,66051,75
1074,47,162332,72
1075,93,166018,71
1076,95,67398,81
1077,44,73760,70
1078,95,167578,66
1079,28,130267,45
1080,91,94846,95
1081,81,155396,1
1082,90,138013,16
1083,79,148286,77
1084,6,101031,28
1085,38,52884,24
1086,87,153230,15
1087,93,63261,13
1088,44,90167,84
1089,10,162076,78
1090,84,53622,27
1091,7,172913,94
1092,41,94316,86
1093,87,141383,3
1094,33,67874,55
1095,34,176554,62
1096,53,135341,56
1097,47,129019,57
1098,53,107879,3
1099,92,79531,4
1100,89,63379,59
1101,27,156258,54
1102,70,67874,41
1103,86,159964,57
1104,99,103706,50
1105,96,64713,84
1106,65,90414,55
1107,82,171100,34
1108,36,187305,85
1109,30,139758,46
1110,96,91226,56
1111,69,143928,30
1112,34,92366,14
1113,74,175041,25
1114,97,147301,93
1115,56,119296,49
1116,30,126306,44
1117,13,100647,49
1118,95,168663,16
1119,2,105391,42
1120,78,175179,43
1121,54,165019,12
1122,85,68212,26
1123,13,64572,71
1124,85,92591,99
1125,41,69730,97
1126,25,156793,57
1127,74,56848,41
1128,8,148450,55
1129,62,150619,32
1130,52,100261,10
1131,36,109895,56
1132,11,152684,24
1133,84,133765,83
1134,99,57677,99
1135,51,112358,27
1136,57,73845,52
1137,92,89531,42
1138,29,118092,100
1139,62,144242,49
1140,43,140876,90
1141,72,76888,26
1142,28,116644,88
1143,57,143021,3
1144,86,145679,91
1145,26,64398,7
1146,13,104512,40
1147,1,71564,68
1148,89,122707,64
1149,91,51733,96
1150,67,138087,63
1151,63,147278,51
1152,90,187339,62
1153,87,129972,97
1154,89,151176,55
1155,34,74358,60
1156,89,83953,82
1157,31,62925,24
1158,55,65257,93
1159,3,188557,4
1160,64,163783,84
1161,1,108342,97
1162,20,155951,21
1163,18,183071,29
1164,83,124104,20
1165,21,136747,3
1166,19,189498,18
1167,74,76149,48
1168,44,185550,54
1169,52,119567,19
1170,14,79806,30
1171,10,180774,66
1172,80,90142,50
1173,82,184481,84
1174,32,66089,75
1175,16,60044,83
1176,61,52543,23
1177,57,50429,23
1178,95,178228,45
1179,38,161130,98
1180,70,87976,38
1181,40,179150,91
1182,92,163442,32
1183,73,108159,18
1184,62,73419,14
1185,12,138425,78
1186,65,54431,93
1187,88,168437,81
1188,55,71322,54
1189,99,122548,14
1190,20,141428,32
1191,97,142214,32
1192,93,62590,43
1193,84,172523,83
1194,16,157588,76
1195,10,143313,57
1196,59,119833,38
1197,54,70803,35
1198,82,139008,47
1199,83,126669,53
1200,87,122722,10
1201,1,79800,47
1202,89,100155,5
1203,32,110846,49
1204,1,106841,69
1205,54,117181,66
1206,56,86898,76
1207,31,143241,81
1208,26,146028,33
1209,7,165287,65
1210,60,132486,9
1211,92,96424,74
1212,93,151468,41
1213,8,76561,79
1214,81,125316,81
1215,21,109373,22
1216,96,135042,12
1217,78,59784,81
1218,86,140687,63
1219,1,182927,55
1220,62,175534,44
1221,68,170957,6
1222,70,81197,76
1223,21,104888,8
1224,74,184838,18
1225,62,139588,66
1226,22,126543,45
1227,87,177260,45
1228,44,156823,42
1229,27,183201,52
1230,95,84925,46
1231,89,69719,47
1232,41,61355,13
1233,41,156014,49
1234,21,184088,21
1235,59,158372,98
1236,64,135742,67
1237,38,145704,82
1238,70,157307,23
1239,25,88064,73
1240,3,167226,59
1241,70,153821,8
1242,29,170669,78
1243,88,93555,13
1244,20,101941,18
1245,58,78795,44
1246,70,55875,94
1247,44,177513,81
1248,87,100850,83
1249,0,143082,63
1250,96,85447,4
1251,75,114213,33
1252,14,161120,69
1253,8,186682,86
1254,58,105302,75
1255,5,133400,47
1256,70,56432,23
1257,49,136467,72
1258,60,189945,20
1259,25,163966,48
1260,47,52152,17
1261,53,145720,62
1262,24,188034,61
1263,46,127911,3
1264,70,174114,31
1265,53,144489,10
1266,63,77440,47
1267,24,86119,44
1268,5,100056,49
1269,7,66686,50
1270,71,74696,41
1271,23,65641,50
1272,0,61228,81
1273,2,138529,87
1274,72,152405,4
1275,18,157757,84
1276,11,166361,59
1277,95,67227,30
1278,20,161156,88
1279,58,170647,70
1280,67,161646,36
1281,43,98016,18
1282,36,50526,19
1283,2,175208,43
1284,35,97721,48
1285,81,142013,81
1286,84,166737,76
1287,18,62651,13
1288,54,179546,4
1289,98,51866,81
1290,75,86297,42
1291,98,65031,23
1292,94,69383,25
1293,24,70733,63
1294,47,187898,89
1295,40,116001,55
1296,68,87040,4
1297,18,180956,74
1298,83,115517,82
1299,34,76979,46
1300,81,50798,56
1301,61,146350,43
1302,77,81112,61
1303,52,80605,20
1304,40,171949,11
1305,93,159006,26
1306,45,177368,96
1307,83,187643,3
1308,23,93841,25
1309,15,131061,92
1310,79,146130,20
1311,80,84471,79
1312,35,144485,15
1313,39,158638,78
1314,4,96693,28
1315,83,129507,93
1316,94,114510,39
1317,33,109396,17
1318,12,149031,96
1319,77,66256,13
1320,48,118285,69
1321,97,128723,58
1322,28,178285,91
1323,99,144176,74
1324,27,82474,31
1325,95,159010,84
1326,6,76164,83
1327,18,77873,49
1328,42,53392,89
1329,50,168898,41
1330,86,128917,7
1331,69,185067,49
1332,23,132183,76
1333,82,82060,46
1334,97,133614,58
1335,42,94844,64
1336,75,76474,5
1337,14,94655,9
1338,3,60933,30
1339,16,79257,82
1340,45,125677,36
1341,23,127971,56
1342,38,76103,62
1343,45,114741,96
1344,82,157994,92
1345,73,93786,44
1346,36,75178,41
1347,13,175267,81
1348,96,99263,100
1349,83,52590,3
1350,33,170959,75
1351,68,135076,60
1352,88,167112,34
1353,87,184639,12
1354,88,172369,80
1355,43,124256,67
1356,64,89972,92
1357,96,67799,42
1358,72,176074,70
1359,48,167517,27
1360,64,77914,11
1361,8,57605,81
1362,52,86365,70
1363,3,93883,39
1364,44,131091,62
1365,14,87222,14
1366,50,117076,45
1367,53,150925,1
1368,31,149379,100
1369,31,138644,94
1370,97,148493,42
1371,27,84658,66
1372,2,111618,99
1373,81,108759,60
1374,64,186203,73
1375,11,147258,59
1376,78,132983,67
1377,72,149092,39
1378,36,163845,84
1379,97,117777,67
1380,88,131584,18
1381,21,123904,91
1382,62,89801,88
1383,73,173466,57
1384,34,55690,4
1385,50,104467,72
1386,39,100419,19
1387,82,62951,47
1388,39,118554,1
1389,13,140673,49
1390,68,75561,87
1391,77,147306,50
1392,35,111871,30
1393,5,112884,43
1394,47,121267,58
1395,48,151519,93
1396,34,105448,40
1397,20,92048,91
1398,61,99980,94
1399,16,84003,68
1400,2,110889,95
1401,52,82478,95
1402,99,139685,20
1403,84,182374,62
1404,58,119366,94
1405,91,53788,57
1406,1,90341,92
1407,67,118348,94
1408,56,137428,87
1409,62,106982,53
1410,12,98532,52
1411,38,120825,24
1412,51,58006,83
1413,20,106941,73
1414,43,129782,31
1415,93,121513,90
1416,54,79925,30
1417,23,112089,74
1418,1,138656,27
1419,64,146794,90
1420,55,75033,30
1421,85,149969,78
1422,20,124852,39
1423,73,154837,42
1424,53,145678,55
1425,7,137354,89
1426,50,136660,48
1427,12,63334,99
1428,37,62893,29
1429,78,163514,89
1430,29,145934,40
1431,54,119223,58
1432,89,127479,18
1433,25,136146,98
1434,14,76001,46
1435,12,84885,24
1436,18,82812,1
1437,74,51260,43
1438,21,159572,42
1439,9,130186,88
1440,49,176954,57
1441,58,85908,99
1442,16,75831,5
1443,55,123045,56
1444,31,161211,10
1445,59,81702,27
1446,25,173043,3
1447,63,126380,90
1448,60,128205,27
1449,41,181355,73
1450,84,97931,70
1451,72,146432,25
1452,97,125731,41
1453,43,132701,70
1454,63,116095,8
1455,7,135773,42
1456,54,136417,45
1457,27,80783,82
1458,28,182580,60
1459,84,143567,48
1460,71,85908,85
1461,88,139806,99
1462,75,77269,24
1463,96,105968,65
1464,83,125660,19
1465,86,98444,76
1466,60,179503,9
1467,5,60575,14
1468,65,75685,19
1469,49,85374,45
1470,78,128642,19
1471,25,182292,78
1472,5,124702,94
1473,58,127833,2
1474,80,178866,97
1475,94,183643,51
1476,62,113306,4
1477,20,84008,77
1478,85,85758,35
1479,72,63128,45
1480,95,70174,6
1481,97,170133,42
1482,25,165978,42
1483,17,149727,78
1484,19,147052,86
1485,59,113389,79
1486,30,111690,73
1487,63,184830,60
1488,23,91549,23
1489,97,94629,17
1490,97,167558,99
1491,94,119189,57
1492,28,96207,67
1493,21,85339,6
1494,25,111942,7
1495,48,157003,45
1496,53,117123,23
1497,97,172747,76
1498,33,157358,52
1499,5,156655,20
1500,72,166043,93
1501,40,67768,15
1502,34,171353,34
1503,63,116971,76
1504,85,97822,38
1505,86,117203,83
1506,63,88720,100
1507,9,173233,18
1508,76,139447,36
1509,19,179269,93
1510,84,136254,90
1511,38,174594,56
1512,1,100429,19
1513,30,73107,48
1514,86,98344,25
1515,21,163509,21
1516,15,116204,16
1517,87,95853,53
1518,40,156411,70
1519,2,72889,36
1520,63,106691,79
1521,26,144832,42
1522,29,132297,53
1523,7,170345,3
1524,28,157383,13
1525,99,150782,18
1526,69,143987,87
1527,13,129659,59
1528,73,104826,36
1529,4,181471,59
1530,42,152547,56
1531,43,85347,9
1532,79,122828,32
1533,18,107794,17
1534,39,152566,11
1535,41,91715,99
1536,60,99222,48
1537,39,70280,99
1538,90,70030,86
1539,83,102083,24
1540,92,166163,87
1541,6,182871,27
1542,50,187545,61
1543,90,182910,86
1544,13,174530,30
1545,27,115438,37
1546,93,93964,80
1547,61,180341,75
1548,91,107323,1
1549,79,119435,55
1550,80,68341,22
1551,16,95365,60
1552,4,131093,79
1553,34,100621,3
1554,10,116521,47
1555,3,136316,88
1556,96,172039,51
1557,48,70844,22
1558,25,100964,96
1559,98,128037,39
1560,84,97081,75
1561,88,92247,47
1562,86,129914,92
1563,0,94014,53
1564,56,138864,93
1565,6,169299,46
1566,2,119097,40
1567,73,68161,23
1568,38,181108,32
1569,37,87764,59
1570,41,102543,54
1571,94,139417,13
1572,57,81802,29
1573,96,102788,51
1574,59,163179,19
1575,87,71318,22
1576,55,63683,34
1577,16,189689,37
1578,82,121610,36
1579,83,150682,25
1580,96,124550,46
1581,55,148875,99
1582,6,107117,44
1583,33,109223,43
1584,0,120899,7
1585,27,101948,31
1586,72,143169,58
1587,13,167619,4
1588,19,181795,59
1589,48,186445,41
1590,58,102205,24
1591,21,52326,69
1592,91,82992,5
1593,44,145520,55
1594,80,104820,96
1595,28,69025,79
1596,74,164976,89
1597,79,178576,51
1598,42,72415,52
1599,80,112146,24
1600,8,144830,43
1601,24,51661,79
1602,71,152910,90
1603,1,114556,64
1604,0,143455,62
1605,30,173096,92
1606,52,121172,97
1607,34,56492,15
1608,64,156422,39
1609,17,131863,94
1610,71,118096,36
1611,87,149685,30
1612,68,89765,28
1613,14,177701,49
1614,24,64738,67
1615,10,92734,28
1616,53,146877,47
1617,39,62935,60
1618,16,67178,17
1619,64,115754,35
1620,41,186470,21
1621,16,100939,34
1622,94,86172,55
1623,40,184222,17
1624,81,71543,1
1625,18,174836,63
1626,78,130706,72
1627,8,74407,100
1628,64,130055,46
1629,45,88707,81
1630,99,162762,52
1631,59,154821,77
1632,53,57248,66
1633,66,99902,54
1634,1,165711,50
1635,73,97455,55
1636,34,93866,43
1637,1,141307,17
1638,73,172011,9
1639,90,68138,18
1640,32,123246,100
1641,47,124194,32
1642,15,188696,87
1643,78,91213,84
1644,83,166650,99
1645,2,52727,60
1646,75,126469,86
1647,45,138775,17
1648,49,68901,70
1649,41,118621,7
1650,34,109263,77
1651,82,150012,83
1652,37,133850,85
1653,25,81640,95
1654,52,133214,1
1655,23,186723,42
1656,96,92100,23
1657,5,64484,10
1658,47,69024,3
1659,81,171194,55
1660,4,183282,34
1661,8,100099,74
1662,35,164435,26
1663,67,172407,60
1664,9,84781,14
1665,82,186130,61
1666,2,56782,10
1667,95,137206,4
1668,9,146950,92
1669,99,174275,4
1670,96,97705,41
1671,92,188984,69
1672,24,119238,55
1673,58,87923,19
1674,15,128573,97
1675,13,132374,96
1676,51,135164,75
1677,9,165194,10
1678,0,126060,92
1679,67,89366,55
1680,58,95172,77
1681,55,95975,49
1682,52,165573,59
1683,83,180887,59
1684,83,142720,86
1685,90,113460,54
1686,87,110434,20
1687,67,146016,38
1688,81,101073,67
1689,36,62617,10
1690,51,96028,37
1691,31,186334,37
1692,57,163473,52
1693,83,89819,59
1694,51,69388,33
1695,15,134748,76
1696,18,149915,94
1697,88,104098,48
1698,70,80160,10
1699,9,124125,91
1700,6,170226,31
1701,8,53306,98
1702,55,103933,31
1703,69,85401,10
1704,18,53812,32
1705,13,60771,50
1706,69,56398,75
1707,69,171118,91
1708,69,79806,73
1709,89,150187,35
1710,45,129455,14
1711,75,116813,72
1712,54,95734,39
1713,33,76654,48
1714,67,86289,96
1715,26,176147,19
1716,5,142351,97
1717,65,186673,51
1718,94,131521,62
1719,95,50223,15
1720,48,74308,23
1721,41,155881,22
1722,92,168303,16
1723,44,182748,58
1724,35,52374,73
1725,34,86154,17
1726,52,163612,51
1727,64,64756,17
1728,62,185257,58
1729,58,78669,75
1730,15,164520,47
1731,65,92135,49
1732,20,103195,68
1733,21,161663,36
1734,79,57039,34
1735,91,54754,4
1736,92,136531,76
1737,62,120838,79
1738,94,127927,48
1739,10,164214,77
1740,53,145498,66
1741,7,129215,69
1742,92,152429,76
1743,12,89252,31
1744,31,147447,23
1745,93,74467,33
1746,66,127410,37
1747,49,91290,44
1748,64,92812,97
1749,27,170166,18
1750,33,150823,75
1751,79,95839,30
1752,14,60175,60
1753,22,153024,91
1754,8,116858,67
1755,6,122961,47
1756,81,141471,45
1757,69,76155,14
1758,0,108169,24
1759,61,139520,39
1760,62,182631,52
1761,95,177134,78
1762,32,181703,54
1763,13,61917,16
1764,1,140648,36
1765,63,176783,40
1766,75,59741,67
1767,43,156567,89
1768,29,110309,21
1769,82,111077,55
1770,87,170333,96
1771,66,183339,39
1772,99,84167,46
1773,54,184815,50
1774,49,122556,74
1775,60,174768,66
1776,75,172309,82
1777,77,117920,4
1778,34,134882,61
1779,63,77259,11
1780,38,170019,38
1781,68,176884,94
1782,80,106709,93
1783,8,168723,31
1784,86,90228,68
1785,1,89473,85
1786,56,131911,42
1787,14,140107,63
1788,4,170403,44
1789,58,51416,46
1790,6,52648,2
1791,17,125471,48
1792,55,106153,62
1793,14,124785,28
1794,22,101474,14
1795,8,141359,65
1796,70,57596,96
1797,67,78489,81
1798,50,112957,71
1799,72,82377,37
1800,76,82315,53
1801,80,93253,51
1802,20,189650,60
1803,89,114858,53
1804,18,62151,18
1805,75,135159,12
1806,5,126263,55
1807,79,123064,41
1808,31,181773,40
1809,92,171794,65
1810,15,156339,27
1811,94,65483,84
1812,35,145654,22
1813,68,91609,43
1814,29,53002,73
1815,87,115699,61
1816,33,149609,44
1817,29,165254,7
1818,43,50418,49
1819,43,103531,90
1820,66,184060,98
1821,23,75961,70
1822,87,174163,28
1823,81,105255,54
1824,42,51860,4
1825,32,185218,83
1826,7,189709,18
1827,91,134665,66
1828,95,91352,9
1829,10,154623,21
1830,20,113767,88
1831,5,160469,61
1832,84,99418,27
1833,54,56215,34
1834,12,55639,63
1835,90,62504,99
1836,19,151382,38
1837,91,156574,96
1838,90,60998,35
1839,60,108509,36
1840,68,85540,49
1841,43,73915,47
1842,52,148901,77
1843,81,152602,91
1844,54,58999,22
1845,43,133740,37
1846,20,113217,41
1847,71,60209,46
1848,26,145491,72
1849,75,61393,65
1850,52,133252,55
1851,40,187234,14
1852,5,145563,60
1853,46,165810,38
1854,98,125181,30
1855,84,56809,96
1856,35,69419,68
1857,78,70689,54
1858,64,55011,53
1859,98,87955,79
1860,66,153660,24
1861,32,104494,28
1862,22,184443,44
1863,17,150778,35
1864,22,88729,81
1865,9,151902,18
1866,24,51604,4
1867,8,157316,75
1868,52,125508,15
1869,62,186157,54
1870,37,169381,45
1871,68,110195,47
1872,63,81199,80
1873,15,58459,67
1874,44,173682,89
1875,18,162983,16
1876,30,94480,1
1877,69,168710,80
1878,16,150193,83
1879,71,91823,74
1880,24,173091,24
1881,57,102692,94
1882,97,156812,77
1883,68,51468,48
1884,11,114071,37
1885,63,155638,81
1886,68,129971,61
1887,69,104160,77
1888,77,124995,66
1889,73,180437,50
1890,19,134644,96
1891,1,130089,67
1892,71,149318,27
1893,6,125591,79
1894,68,173047,17
1895,39,61298,91
1896,75,132993,55
1897,65,72313,36
1898,30,84885,9
1899,46,126228,95
1900,40,51199,29
1901,40,54631,70
1902,20,131810,16
1903,88,138482,59
1904,85,74081,87
1905,94,112426,54
1906,52,164038,53
1907,68,53552,97
1908,15,142147,78
1909,4,180324,41
1910,59,149067,78
1911,32,184408,38
1912,8,59116,45
1913,92,174786,94
1914,9,71076,2
1915,41,56837,4
1916,18,134752,47
1917,78,112887,80
1918,0,73128,74
1919,11,152765,17
1920,36,140637,19
1921,46,137973,50
1922,95,126791,34
1923,97,75125,89
1924,2,101718,11
1925,94,69654,30
1926,0,105935,46
1927,3,74607,69
1928,77,151985,29
1929,70,76892,64
1930,58,87602,25
1931,72,182317,46
1932,90,158280,92
1933,23,59905,79
1934,87,128153,42
1935,64,142612,58
1936,15,180163,9
1937,14,68009,17
1938,54,166183,65
1939,76,132537,44
1940,76,146308,49
1941,52,63454,38
1942,96,110519,6
1943,55,66728,50
1944,54,170638,64
1945,19,129635,100
1946,29,133587,74
1947,96,126225,47
1948,20,148776,21
1949,91,142602,64
1950,37,102413,38
1951,42,68765,69
1952,1,57522,75
1953,58,149237,80
1954,42,184844,24
1955,48,131656,45
1956,11,181026,39
1957,59,101698,87
1958,45,152560,32
1959,73,142502,97
1960,85,155432,21
1961,70,108544,49
1962,52,106530,46
1963,70,124359,51
1964,88,146970,90
1965,61,182176,96
1966,46,114435,34
1967,65,134213,32
1968,84,115580,73
1969,76,124034,88
1970,31,67894,42
1971,55,107099,89
1972,45,140263,88
1973,98,104249,12
1974,40,168821,36
1975,14,153145,59
1976,41,128960,43
1977,60,127438,82
1978,60,125968,100
1979,84,104589,85
1980,0,165321,93
1981,10,86925,76
1982,62,149797,19
1983,33,137094,68
1984,52,55395,41
1985,2,153622,51
1986,27,74050,44
1987,4,68094,61
1988,63,59244,80
1989,54,118944,77
1990,47,75293,55
1991,30,166983,69
1992,97,129444,96
1993,94,181183,24
1994,64,175254,100
1995,19,54121,89
1996,71,184387,40
1997,91,73158,32
1998,87,90961,14
1999,77,182109,4
2000,90,110610,52
